freq_hz,s11_db
2.200000000000000000e+10,-5.374099975936104112e-01
2.200666666666666794e+10,-5.441831682569993056e-01
2.201333333333333206e+10,-5.504124135777761495e-01
2.202000000000000000e+10,-5.558450883881972393e-01
2.202666666666666794e+10,-5.602876800093450349e-01
2.203333333333333206e+10,-5.636216801686950717e-01
2.204000000000000000e+10,-5.658136414188342789e-01
2.204666666666666794e+10,-5.669181425522952233e-01
2.205333333333333206e+10,-5.670731838283602499e-01
2.206000000000000000e+10,-5.664884578645520419e-01
2.206666666666666794e+10,-5.654278057098803822e-01
2.207333333333333206e+10,-5.641877936653948433e-01
2.208000000000000000e+10,-5.630746265462178712e-01
2.208666666666666794e+10,-5.623815347671298204e-01
2.209333333333333206e+10,-5.623684117574091479e-01
2.210000000000000000e+10,-5.632449638863653574e-01
2.210666666666666794e+10,-5.651581040487108076e-01
2.211333333333333206e+10,-5.681838784294729328e-01
2.212000000000000000e+10,-5.723239186506750009e-01
2.212666666666666794e+10,-5.775062600057864204e-01
2.213333333333333206e+10,-5.835903203048166121e-01
2.214000000000000000e+10,-5.903758279816933019e-01
2.214666666666666794e+10,-5.976154523197542145e-01
2.215333333333333206e+10,-6.050307654442956817e-01
2.216000000000000000e+10,-6.123309262936371677e-01
2.216666666666666794e+10,-6.192331331392002536e-01
2.217333333333333206e+10,-6.254835011142073631e-01
2.218000000000000000e+10,-6.308766815040520726e-01
2.218666666666666794e+10,-6.352723647996904033e-01
2.219333333333333206e+10,-6.386068980887651403e-01
2.220000000000000000e+10,-6.408986440844028909e-01
2.220666666666666794e+10,-6.422463794436216178e-01
2.221333333333333206e+10,-6.428208593763189427e-01
2.222000000000000000e+10,-6.428504981783929040e-01
2.222666666666666794e+10,-6.426027644139695738e-01
2.223333333333333206e+10,-6.423632478987767458e-01
2.224000000000000000e+10,-6.424143880305038801e-01
2.224666666666666794e+10,-6.430156067308177015e-01
2.225333333333333206e+10,-6.443861690663308384e-01
2.226000000000000000e+10,-6.466916231414994165e-01
2.226666666666666794e+10,-6.500342522544201307e-01
2.227333333333333206e+10,-6.544476692553581332e-01
2.228000000000000000e+10,-6.598955102413667229e-01
2.228666666666666794e+10,-6.662741157570037931e-01
2.229333333333333206e+10,-6.734190690134983504e-01
2.230000000000000000e+10,-6.811154288069064533e-01
2.230666666666666794e+10,-6.891113929768915014e-01
2.231333333333333206e+10,-6.971349218937618053e-01
2.232000000000000000e+10,-7.049125410211429799e-01
2.232666666666666794e+10,-7.121891694833275555e-01
2.233333333333333206e+10,-7.187474691866819754e-01
2.234000000000000000e+10,-7.244249807813184505e-01
2.234666666666666794e+10,-7.291273071084437563e-01
2.235333333333333206e+10,-7.328358799147494107e-01
2.236000000000000000e+10,-7.356093917912573943e-01
2.236666666666666794e+10,-7.375787073499411317e-01
2.237333333333333206e+10,-7.389358443671700805e-01
2.238000000000000000e+10,-7.399182810618810668e-01
2.238666666666666794e+10,-7.407902763491820419e-01
2.239333333333333206e+10,-7.418230295457718393e-01
2.240000000000000000e+10,-7.432753747700927560e-01
2.240666666666666794e+10,-7.453763831116144711e-01
2.241333333333333206e+10,-7.483108398705561326e-01
2.242000000000000000e+10,-7.522081752117764086e-01
2.242666666666666794e+10,-7.571351233851169038e-01
2.243333333333333206e+10,-7.630921951984148688e-01
2.244000000000000000e+10,-7.700139579982389071e-01
2.244666666666666794e+10,-7.777730851621833530e-01
2.245333333333333206e+10,-7.861881067217614261e-01
2.246000000000000000e+10,-7.950347086364523141e-01
2.246666666666666794e+10,-8.040602510191280361e-01
2.247333333333333206e+10,-8.130008950158376102e-01
2.248000000000000000e+10,-8.216003719485232004e-01
2.248666666666666794e+10,-8.296290633601477449e-01
2.249333333333333206e+10,-8.369017809091141569e-01
2.250000000000000000e+10,-8.432925384454506013e-01
2.250666666666666794e+10,-8.487447650681295697e-01
2.251333333333333206e+10,-8.532758308113336243e-01
2.252000000000000000e+10,-8.569753891228503173e-01
2.252666666666666794e+10,-8.599977659744368896e-01
2.253333333333333206e+10,-8.625493007194330319e-01
2.254000000000000000e+10,-8.648720410856796104e-01
2.254666666666666794e+10,-8.672254389015864318e-01
2.255333333333333206e+10,-8.698676781047722795e-01
2.256000000000000000e+10,-8.730380471769226824e-01
2.256666666666666794e+10,-8.769414348889821298e-01
2.257333333333333206e+10,-8.817356760800625359e-01
2.258000000000000000e+10,-8.875221768086758445e-01
2.258666666666666794e+10,-8.943400438467639102e-01
2.259333333333333206e+10,-9.021638328989882716e-01
2.260000000000000000e+10,-9.109049831977771294e-01
2.260666666666666794e+10,-9.204169744770387407e-01
2.261333333333333206e+10,-9.305041723292906131e-01
2.262000000000000000e+10,-9.409341759099822955e-01
2.262666666666666794e+10,-9.514532278637768403e-01
2.263333333333333206e+10,-9.618039043299395630e-01
2.264000000000000000e+10,-9.717439252646726811e-01
2.264666666666666794e+10,-9.810645958993381432e-01
2.265333333333333206e+10,-9.896072052313102940e-01
2.266000000000000000e+10,-9.972757473263962336e-01
2.266666666666666794e+10,-1.004044630729929555e+00
2.267333333333333206e+10,-1.009960571218112335e+00
2.268000000000000000e+10,-1.015138532020813944e+00
2.268666666666666794e+10,-1.019752253955022558e+00
2.269333333333333206e+10,-1.024020476201803698e+00
2.270000000000000000e+10,-1.028190294959560935e+00
2.270666666666666794e+10,-1.032519210283468158e+00
2.271333333333333206e+10,-1.037257300438891638e+00
2.272000000000000000e+10,-1.042630710240145753e+00
2.272666666666666794e+10,-1.048827332581782956e+00
2.273333333333333206e+10,-1.055985277420476542e+00
2.274000000000000000e+10,-1.064184508350467517e+00
2.274666666666666794e+10,-1.073441897558659042e+00
2.275333333333333206e+10,-1.083709887592485321e+00
2.276000000000000000e+10,-1.094878912539203553e+00
2.276666666666666794e+10,-1.106783671279285564e+00
2.277333333333333206e+10,-1.119213214474761520e+00
2.278000000000000000e+10,-1.131924575926448240e+00
2.278666666666666794e+10,-1.144659349082972621e+00
2.279333333333333206e+10,-1.157162219196611552e+00
2.280000000000000000e+10,-1.169200084193848577e+00
2.280666666666666794e+10,-1.180580126551022735e+00
2.281333333333333206e+10,-1.191165123402771586e+00
2.282000000000000000e+10,-1.200884457523041737e+00
2.282666666666666794e+10,-1.209739715132422511e+00
2.283333333333333206e+10,-1.217804361734698082e+00
2.284000000000000000e+10,-1.225217660710931078e+00
2.284666666666666794e+10,-1.232173612495829351e+00
2.285333333333333206e+10,-1.238906138573892868e+00
2.286000000000000000e+10,-1.245671958251976186e+00
2.286666666666666794e+10,-1.252732610480921327e+00
2.287333333333333206e+10,-1.260336909911048409e+00
2.288000000000000000e+10,-1.268704873661232524e+00
2.288666666666666794e+10,-1.278013890656719109e+00
2.289333333333333206e+10,-1.288387686435589874e+00
2.290000000000000000e+10,-1.299888489773739497e+00
2.290666666666666794e+10,-1.312512728097158465e+00
2.291333333333333206e+10,-1.326190535073429988e+00
2.292000000000000000e+10,-1.340789299206958773e+00
2.292666666666666794e+10,-1.356121367578533077e+00
2.293333333333333206e+10,-1.371955807256315829e+00
2.294000000000000000e+10,-1.388033807426390931e+00
2.294666666666666794e+10,-1.404086902853383112e+00
2.295333333333333206e+10,-1.419856776241500418e+00
2.296000000000000000e+10,-1.435115043510141852e+00
2.296666666666666794e+10,-1.449681237815277912e+00
2.297333333333333206e+10,-1.463437258204669744e+00
2.298000000000000000e+10,-1.476336860113422800e+00
2.298666666666666794e+10,-1.488409297688468858e+00
2.299333333333333206e+10,-1.499756886564447278e+00
2.300000000000000000e+10,-1.510546915406958401e+00
2.300666666666666794e+10,-1.520998877357710999e+00
2.301333333333333206e+10,-1.531368339469087569e+00
2.302000000000000000e+10,-1.541928895909830954e+00
2.302666666666666794e+10,-1.552953588965852560e+00
2.303333333333333206e+10,-1.564696995770556320e+00
2.304000000000000000e+10,-1.577378944451449660e+00
2.304666666666666794e+10,-1.591170605901781165e+00
2.305333333333333206e+10,-1.606183545694366721e+00
2.306000000000000000e+10,-1.622462222441805935e+00
2.306666666666666794e+10,-1.639980363016567688e+00
2.307333333333333206e+10,-1.658641589943339101e+00
2.308000000000000000e+10,-1.678284572252931817e+00
2.308666666666666794e+10,-1.698692774886506607e+00
2.309333333333333206e+10,-1.719608571459500856e+00
2.310000000000000000e+10,-1.740751072573933911e+00
2.310666666666666794e+10,-1.761836557742246567e+00
2.311333333333333206e+10,-1.782599967864385349e+00
2.312000000000000000e+10,-1.802815617241788848e+00
2.312666666666666794e+10,-1.822315207576875595e+00
2.313333333333333206e+10,-1.841001418648675170e+00
2.314000000000000000e+10,-1.858855798252810887e+00
2.314666666666666794e+10,-1.875940303043104329e+00
2.315333333333333206e+10,-1.892392535360122086e+00
2.316000000000000000e+10,-1.908415353457912467e+00
2.316666666666666794e+10,-1.924262003948541189e+00
2.317333333333333206e+10,-1.940218185509934523e+00
2.318000000000000000e+10,-1.956582506858155490e+00
2.318666666666666794e+10,-1.973646698426926527e+00
2.319333333333333206e+10,-1.991676747063423125e+00
2.320000000000000000e+10,-2.010895916009634021e+00
2.320666666666666794e+10,-2.031470438756583619e+00
2.321333333333333206e+10,-2.053498556110602724e+00
2.322000000000000000e+10,-2.077003491515388323e+00
2.322666666666666794e+10,-2.101930896283942918e+00
2.323333333333333206e+10,-2.128151195986021982e+00
2.324000000000000000e+10,-2.155467084391819999e+00
2.324666666666666794e+10,-2.183626110810142684e+00
2.325333333333333206e+10,-2.212337889454599971e+00
2.326000000000000000e+10,-2.241294963736994106e+00
2.326666666666666794e+10,-2.270195860178371827e+00
2.327333333333333206e+10,-2.298768466187286919e+00
2.328000000000000000e+10,-2.326791662877344180e+00
2.328666666666666794e+10,-2.354113207480103220e+00
2.329333333333333206e+10,-2.380662204090723488e+00
2.330000000000000000e+10,-2.406455076875002597e+00
2.330666666666666794e+10,-2.431594664205106948e+00
2.331333333333333206e+10,-2.456262758686460046e+00
2.332000000000000000e+10,-2.480707010349259445e+00
2.332666666666666794e+10,-2.505223511772388001e+00
2.333333333333333206e+10,-2.530136571599270745e+00
2.334000000000000000e+10,-2.555777183856244861e+00
2.334666666666666794e+10,-2.582461574687366479e+00
2.335333333333333206e+10,-2.610471025674852008e+00
2.336000000000000000e+10,-2.640033993157029801e+00
2.336666666666666794e+10,-2.671311400570031580e+00
2.337333333333333206e+10,-2.704385880297683453e+00
2.338000000000000000e+10,-2.739255659644451057e+00
2.338666666666666794e+10,-2.775833680271050596e+00
2.339333333333333206e+10,-2.813952363887723518e+00
2.340000000000000000e+10,-2.853374151170471329e+00
2.340666666666666794e+10,-2.893807532775132696e+00
2.341333333333333206e+10,-2.934927784289155461e+00
2.342000000000000000e+10,-2.976401073573551770e+00
2.342666666666666794e+10,-3.017910122504953385e+00
2.343333333333333206e+10,-3.059179279305394239e+00
2.344000000000000000e+10,-3.099996778576712408e+00
2.344666666666666794e+10,-3.140232175516466828e+00
2.345333333333333206e+10,-3.179847419655443375e+00
2.346000000000000000e+10,-3.218900703916532713e+00
2.346666666666666794e+10,-3.257542969991742421e+00
2.347333333333333206e+10,-3.296007646606608610e+00
2.348000000000000000e+10,-3.334594743222065727e+00
2.348666666666666794e+10,-3.373650764236558075e+00
2.349333333333333206e+10,-3.413546045550605257e+00
2.350000000000000000e+10,-3.454651086207334298e+00
2.350666666666666794e+10,-3.497313315246824317e+00
2.351333333333333206e+10,-3.541835561661002885e+00
2.352000000000000000e+10,-3.588457331062437472e+00
2.352666666666666794e+10,-3.637339857835539370e+00
2.353333333333333206e+10,-3.688555789541108965e+00
2.354000000000000000e+10,-3.742084241740633033e+00
2.354666666666666794e+10,-3.797811794439106770e+00
2.355333333333333206e+10,-3.855539745838493459e+00
2.356000000000000000e+10,-3.914997571114131603e+00
2.356666666666666794e+10,-3.975862058434564528e+00
2.357333333333333206e+10,-4.037781052014246086e+00
2.358000000000000000e+10,-4.100400196559930599e+00
2.358666666666666794e+10,-4.163390643481358566e+00
2.359333333333333206e+10,-4.226475439733293982e+00
2.360000000000000000e+10,-4.289452341531150736e+00
2.360666666666666794e+10,-4.352211096174697147e+00
2.361333333333333206e+10,-4.414743778322088197e+00
2.362000000000000000e+10,-4.477147465623747991e+00
2.362666666666666794e+10,-4.539619278810846481e+00
2.363333333333333206e+10,-4.602444480545847760e+00
2.364000000000000000e+10,-4.665978840810108608e+00
2.364666666666666794e+10,-4.730626793052518764e+00
2.365333333333333206e+10,-4.796817028992900411e+00
2.366000000000000000e+10,-4.864977150089778490e+00
2.366666666666666794e+10,-4.935508867153464152e+00
2.367333333333333206e+10,-5.008765072516646377e+00
2.368000000000000000e+10,-5.085029942667674163e+00
2.368666666666666794e+10,-5.164503081541643503e+00
2.369333333333333206e+10,-5.247288580384243062e+00
2.370000000000000000e+10,-5.333389725224058076e+00
2.370666666666666794e+10,-5.422709894148143306e+00
2.371333333333333206e+10,-5.515059922465169961e+00
2.372000000000000000e+10,-5.610171856916824851e+00
2.372666666666666794e+10,-5.707718575999246369e+00
2.373333333333333206e+10,-5.807338255921417947e+00
2.374000000000000000e+10,-5.908662170556756799e+00
2.374666666666666794e+10,-6.011343905414831212e+00
2.375333333333333206e+10,-6.115087817214662991e+00
2.376000000000000000e+10,-6.219674540817425878e+00
2.376666666666666794e+10,-6.324981557938876620e+00
2.377333333333333206e+10,-6.430997277361597320e+00
2.378000000000000000e+10,-6.537827673043380194e+00
2.378666666666666794e+10,-6.645695195361101426e+00
2.379333333333333206e+10,-6.754930315079629821e+00
2.380000000000000000e+10,-6.865956596926007904e+00
2.380666666666666794e+10,-6.979270577527234565e+00
2.381333333333333206e+10,-7.095417925605241649e+00
2.382000000000000000e+10,-7.214967409214210647e+00
2.382666666666666794e+10,-7.338484127250160860e+00
2.383333333333333206e+10,-7.466503331558738132e+00
2.384000000000000000e+10,-7.599506018883666059e+00
2.384666666666666794e+10,-7.737897342135684475e+00
2.385333333333333206e+10,-7.881988792794500931e+00
2.386000000000000000e+10,-8.031985036169743353e+00
2.386666666666666794e+10,-8.187976218034817677e+00
2.387333333333333206e+10,-8.349936473558846828e+00
2.388000000000000000e+10,-8.517729222966645253e+00
2.388666666666666794e+10,-8.691119603269729765e+00
2.389333333333333206e+10,-8.869794044928383414e+00
2.390000000000000000e+10,-9.053386559440983916e+00
2.390666666666666794e+10,-9.241510785834597286e+00
2.391333333333333206e+10,-9.433796302443704818e+00
2.392000000000000000e+10,-9.629927215961268772e+00
2.392666666666666794e+10,-9.829680671384810609e+00
2.393333333333333206e+10,-1.003296275566705198e+01
2.394000000000000000e+10,-1.023983934189077871e+01
2.394666666666666794e+10,-1.045055974910767738e+01
2.395333333333333206e+10,-1.066557164126135326e+01
2.396000000000000000e+10,-1.088552628338941730e+01
2.396666666666666794e+10,-1.111127401684254501e+01
2.397333333333333206e+10,-1.134385050701359177e+01
2.398000000000000000e+10,-1.158445487562918785e+01
2.398666666666666794e+10,-1.183442120905900907e+01
2.399333333333333206e+10,-1.209518513035608045e+01
2.400000000000000000e+10,-1.236824716998815532e+01
2.400666666666666794e+10,-1.265513462877321693e+01
2.401333333333333206e+10,-1.295736356696455971e+01
2.402000000000000000e+10,-1.327640254112146856e+01
2.402666666666666794e+10,-1.361363979290202408e+01
2.403333333333333206e+10,-1.397035579294535701e+01
2.404000000000000000e+10,-1.434770334968904137e+01
2.404666666666666794e+10,-1.474669786596837895e+01
2.405333333333333206e+10,-1.516822069040032162e+01
2.406000000000000000e+10,-1.561303875587901047e+01
2.406666666666666794e+10,-1.608184367810246229e+01
2.407333333333333206e+10,-1.657531302006102081e+01
2.408000000000000000e+10,-1.709419529295288243e+01
2.408666666666666794e+10,-1.763941819263385824e+01
2.409333333333333206e+10,-1.821221621470477103e+01
2.410000000000000000e+10,-1.881426861144378293e+01
2.410666666666666794e+10,-1.944783064042184151e+01
2.411333333333333206e+10,-2.011582809659193671e+01
2.412000000000000000e+10,-2.082186269984489613e+01
2.412666666666666794e+10,-2.157003458798045159e+01
2.413333333333333206e+10,-2.236440909388690201e+01
2.414000000000000000e+10,-2.320780331497773119e+01
2.414666666666666794e+10,-2.409928949012936528e+01
2.415333333333333206e+10,-2.502936542256040298e+01
2.416000000000000000e+10,-2.597129802385924791e+01
2.416666666666666794e+10,-2.686782655030459210e+01
2.417333333333333206e+10,-2.761780574260402688e+01
2.418000000000000000e+10,-2.808184829095356960e+01
2.418666666666666794e+10,-2.813521180265818344e+01
2.419333333333333206e+10,-2.775065786637667031e+01
2.420000000000000000e+10,-2.702157875322832936e+01
2.420666666666666794e+10,-2.609420429819281395e+01
2.421333333333333206e+10,-2.509336839257974816e+01
2.422000000000000000e+10,-2.409787281123517033e+01
2.422666666666666794e+10,-2.314855848416348394e+01
2.423333333333333206e+10,-2.226272692689467902e+01
2.424000000000000000e+10,-2.144486904348443801e+01
2.424666666666666794e+10,-2.069299275201302990e+01
2.425333333333333206e+10,-2.000202159990071138e+01
2.426000000000000000e+10,-1.936555267831536398e+01
2.426666666666666794e+10,-1.877676109224272949e+01
2.427333333333333206e+10,-1.822887888590526728e+01
2.428000000000000000e+10,-1.771546934335217216e+01
2.428666666666666794e+10,-1.723060620303825630e+01
2.429333333333333206e+10,-1.676900808202372062e+01
2.430000000000000000e+10,-1.632614655907055479e+01
2.430666666666666794e+10,-1.589832936328365065e+01
2.431333333333333206e+10,-1.548275200445042543e+01
2.432000000000000000e+10,-1.507750913742285093e+01
2.432666666666666794e+10,-1.468155928457231951e+01
2.433333333333333206e+10,-1.429464168273433522e+01
2.434000000000000000e+10,-1.391715024018690983e+01
2.434666666666666794e+10,-1.354997516973782190e+01
2.435333333333333206e+10,-1.319432649804191371e+01
2.436000000000000000e+10,-1.285155474109309992e+01
2.436666666666666794e+10,-1.252298273835353193e+01
2.437333333333333206e+10,-1.220975965281085962e+01
2.438000000000000000e+10,-1.191274438112802514e+01
2.438666666666666794e+10,-1.163242190011921195e+01
2.439333333333333206e+10,-1.136885297085802904e+01
2.440000000000000000e+10,-1.112165540623270843e+01
2.440666666666666794e+10,-1.089001381359945952e+01
2.441333333333333206e+10,-1.067271421309031609e+01
2.442000000000000000e+10,-1.046819996214399140e+01
2.442666666666666794e+10,-1.027464569275761797e+01
2.443333333333333206e+10,-1.009004618375647055e+01
2.444000000000000000e+10,-9.912316975795169682e+00
2.444666666666666794e+10,-9.739402914595139293e+00
2.445333333333333206e+10,-9.569389657277731942e+00
2.446000000000000000e+10,-9.400611683401129071e+00
2.446666666666666794e+10,-9.231748916407532590e+00
2.447333333333333206e+10,-9.061903231775932710e+00
2.448000000000000000e+10,-8.890646456549273324e+00
2.448666666666666794e+10,-8.718033305526676102e+00
2.449333333333333206e+10,-8.544576030370080844e+00
2.450000000000000000e+10,-8.371181910132412085e+00
2.450666666666666794e+10,-8.199059261711473923e+00
2.451333333333333206e+10,-8.029601457112176988e+00
2.452000000000000000e+10,-7.864260737330650564e+00
2.452666666666666794e+10,-7.704424044495694623e+00
2.453333333333333206e+10,-7.551301758054976609e+00
2.454000000000000000e+10,-7.405837601066896703e+00
2.454666666666666794e+10,-7.268644755084564757e+00
2.455333333333333206e+10,-7.139970051507128268e+00
2.456000000000000000e+10,-7.019685494418014926e+00
2.456666666666666794e+10,-6.907304577363120757e+00
2.457333333333333206e+10,-6.802019907224844175e+00
2.458000000000000000e+10,-6.702758374744647085e+00
2.458666666666666794e+10,-6.608250229571604351e+00
2.459333333333333206e+10,-6.517108609439161704e+00
2.460000000000000000e+10,-6.427916062496720428e+00
2.460666666666666794e+10,-6.339314223584232799e+00
2.461333333333333206e+10,-6.250092055237144173e+00
2.462000000000000000e+10,-6.159267122353432100e+00
2.462666666666666794e+10,-6.066153578863033857e+00
2.463333333333333206e+10,-5.970410335076503650e+00
2.464000000000000000e+10,-5.872063632776020725e+00
2.464666666666666794e+10,-5.771500175343902583e+00
2.465333333333333206e+10,-5.669429925427714068e+00
2.466000000000000000e+10,-5.566821240942166682e+00
2.466666666666666794e+10,-5.464814483282188107e+00
2.467333333333333206e+10,-5.364622872658815211e+00
2.468000000000000000e+10,-5.267430642845819300e+00
2.468666666666666794e+10,-5.174298264902112976e+00
2.469333333333333206e+10,-5.086082852419867351e+00
2.470000000000000000e+10,-5.003379308267470904e+00
2.470666666666666794e+10,-4.926484928932925556e+00
2.471333333333333206e+10,-4.855387600933289249e+00
2.472000000000000000e+10,-4.789775779143121248e+00
2.472666666666666794e+10,-4.729067272366582309e+00
2.473333333333333206e+10,-4.672453405538991689e+00
2.474000000000000000e+10,-4.618955158611445455e+00
2.474666666666666794e+10,-4.567488110449884786e+00
2.475333333333333206e+10,-4.516933167699690443e+00
2.476000000000000000e+10,-4.466209942292826973e+00
2.476666666666666794e+10,-4.414349197457733354e+00
2.477333333333333206e+10,-4.360560106930362778e+00
2.478000000000000000e+10,-4.304287408794185588e+00
2.478666666666666794e+10,-4.245253224045649532e+00
2.479333333333333206e+10,-4.183478693873853516e+00
2.480000000000000000e+10,-4.119281894465848026e+00
2.480666666666666794e+10,-4.053250710674410229e+00
2.481333333333333206e+10,-3.986192205322097948e+00
2.482000000000000000e+10,-3.919062985759713680e+00
2.482666666666666794e+10,-3.852887520482303874e+00
2.483333333333333206e+10,-3.788672763755039696e+00
2.484000000000000000e+10,-3.727327530484624063e+00
2.484666666666666794e+10,-3.669593886807120064e+00
2.485333333333333206e+10,-3.615995738965289696e+00
2.486000000000000000e+10,-3.566807333135011859e+00
2.486666666666666794e+10,-3.522042040964009857e+00
2.487333333333333206e+10,-3.481459982442008716e+00
2.488000000000000000e+10,-3.444591905495347994e+00
2.488666666666666794e+10,-3.410776271034260176e+00
2.489333333333333206e+10,-3.379206501746382152e+00
2.490000000000000000e+10,-3.348985587049161161e+00
2.490666666666666794e+10,-3.319185442904130312e+00
2.491333333333333206e+10,-3.288908418193263294e+00
2.492000000000000000e+10,-3.257348044678907595e+00
2.492666666666666794e+10,-3.223845603999678566e+00
2.493333333333333206e+10,-3.187938520427772815e+00
2.494000000000000000e+10,-3.149396261910348382e+00
2.494666666666666794e+10,-3.108239643241792027e+00
2.495333333333333206e+10,-3.064740393113520422e+00
2.496000000000000000e+10,-3.019399611438313258e+00
2.496666666666666794e+10,-2.972906107280662180e+00
2.497333333333333206e+10,-2.926078153491995515e+00
2.498000000000000000e+10,-2.879794388346197831e+00
2.498666666666666794e+10,-2.834920948452170464e+00
2.499333333333333206e+10,-2.792242143623978379e+00
2.500000000000000000e+10,-2.752401085297572880e+00
2.500666666666666794e+10,-2.715854932581788006e+00
2.501333333333333206e+10,-2.682847271147408730e+00
2.502000000000000000e+10,-2.653398059538415232e+00
2.502666666666666794e+10,-2.627309926626114844e+00
2.503333333333333206e+10,-2.604188562168384458e+00
2.504000000000000000e+10,-2.583474500516534711e+00
2.504666666666666794e+10,-2.564483602827312581e+00
2.505333333333333206e+10,-2.546453770071525291e+00
2.506000000000000000e+10,-2.528595640169672087e+00
2.506666666666666794e+10,-2.510145066121758806e+00
2.507333333333333206e+10,-2.490414961641513880e+00
2.508000000000000000e+10,-2.468843675130074189e+00
2.508666666666666794e+10,-2.445036563324464840e+00
2.509333333333333206e+10,-2.418797118296648563e+00
2.510000000000000000e+10,-2.390144116877449321e+00
2.510666666666666794e+10,-2.359312013590015411e+00
2.511333333333333206e+10,-2.326733245518379345e+00
2.512000000000000000e+10,-2.293003115928804903e+00
2.512666666666666794e+10,-2.258830130136825431e+00
2.513333333333333206e+10,-2.224976611558296735e+00
2.514000000000000000e+10,-2.192195687008652527e+00
2.514666666666666794e+10,-2.161171018973285118e+00
2.515333333333333206e+10,-2.132464950876449716e+00
2.516000000000000000e+10,-2.106479242072748725e+00
2.516666666666666794e+10,-2.083430689779049327e+00
2.517333333333333206e+10,-2.063342086653788598e+00
2.518000000000000000e+10,-2.046047478597247338e+00
2.518666666666666794e+10,-2.031209740658265872e+00
2.519333333333333206e+10,-2.018348081878340139e+00
2.520000000000000000e+10,-2.006873092460045971e+00
2.520666666666666794e+10,-1.996127159557177677e+00
2.521333333333333206e+10,-1.985428297181508484e+00
2.522000000000000000e+10,-1.974115504462366166e+00
2.522666666666666794e+10,-1.961593610357544870e+00
2.523333333333333206e+10,-1.947375207572676015e+00
2.524000000000000000e+10,-1.931116848912536543e+00
2.524666666666666794e+10,-1.912646377066826497e+00
2.525333333333333206e+10,-1.891978313450482840e+00
2.526000000000000000e+10,-1.869314830065056610e+00
2.526666666666666794e+10,-1.845031037601960744e+00
2.527333333333333206e+10,-1.819645035267914324e+00
2.528000000000000000e+10,-1.793775096817206371e+00
2.528666666666666794e+10,-1.768088112482479435e+00
2.529333333333333206e+10,-1.743244570986783870e+00
2.530000000000000000e+10,-1.719845685102198152e+00
2.530666666666666794e+10,-1.698387692885366729e+00
2.531333333333333206e+10,-1.679227086306547712e+00
2.532000000000000000e+10,-1.662558866885633035e+00
2.532666666666666794e+10,-1.648408281449421420e+00
2.533333333333333206e+10,-1.636635155581215084e+00
2.534000000000000000e+10,-1.626949081905565642e+00
2.534666666666666794e+10,-1.618933345032583127e+00
2.535333333333333206e+10,-1.612075463500305172e+00
2.536000000000000000e+10,-1.605802425148668888e+00
2.536666666666666794e+10,-1.599518902968791956e+00
2.537333333333333206e+10,-1.592646820680609032e+00
2.538000000000000000e+10,-1.584664519816625594e+00
2.538666666666666794e+10,-1.575143479296655435e+00
2.539333333333333206e+10,-1.563780158707908985e+00
2.540000000000000000e+10,-1.550420251499243118e+00
2.540666666666666794e+10,-1.535072646869444446e+00
2.541333333333333206e+10,-1.517910880289817133e+00
2.542000000000000000e+10,-1.499260873408634787e+00
2.542666666666666794e+10,-1.479575243543151952e+00
2.543333333333333206e+10,-1.459396159777177848e+00
2.544000000000000000e+10,-1.439310286649353676e+00
2.544666666666666794e+10,-1.419900430198942853e+00
2.545333333333333206e+10,-1.401698836524843728e+00
2.546000000000000000e+10,-1.385146633394210181e+00
2.546666666666666794e+10,-1.370562799398092890e+00
2.547333333333333206e+10,-1.358124587456458254e+00
2.548000000000000000e+10,-1.347859858347017603e+00
2.548666666666666794e+10,-1.339650574672162309e+00
2.549333333333333206e+10,-1.333245921193042305e+00
2.550000000000000000e+10,-1.328283169586114809e+00
2.550666666666666794e+10,-1.324314399188630809e+00
2.551333333333333206e+10,-1.320837364077828369e+00
2.552000000000000000e+10,-1.317328996356911031e+00
2.552666666666666794e+10,-1.313280125366416140e+00
2.553333333333333206e+10,-1.308229904782634900e+00
2.554000000000000000e+10,-1.301798183409369702e+00
2.554666666666666794e+10,-1.293713718340095298e+00
2.555333333333333206e+10,-1.283835861659805344e+00
2.556000000000000000e+10,-1.272167333722903138e+00
2.556666666666666794e+10,-1.258856083747695864e+00
2.557333333333333206e+10,-1.244185104454900381e+00
2.558000000000000000e+10,-1.228550351703731280e+00
2.558666666666666794e+10,-1.212428418339386749e+00
2.559333333333333206e+10,-1.196337016635827588e+00
2.560000000000000000e+10,-1.180792313924861725e+00
2.560666666666666794e+10,-1.166267509320126683e+00
2.561333333333333206e+10,-1.153156671822053170e+00
2.562000000000000000e+10,-1.141746902860555357e+00
2.562666666666666794e+10,-1.132200597361242789e+00
2.563333333333333206e+10,-1.124548260108007902e+00
2.564000000000000000e+10,-1.118691243973686023e+00
2.564666666666666794e+10,-1.114413059364067760e+00
2.565333333333333206e+10,-1.111397580392823103e+00
2.566000000000000000e+10,-1.109252461597452388e+00
2.566666666666666794e+10,-1.107536241026330304e+00
2.567333333333333206e+10,-1.105787793278131925e+00
2.568000000000000000e+10,-1.103556890367723087e+00
2.568666666666666794e+10,-1.100434564569977791e+00
2.569333333333333206e+10,-1.096081749171520014e+00
2.570000000000000000e+10,-1.090254373531331922e+00
2.570666666666666794e+10,-1.082822838785729047e+00
2.571333333333333206e+10,-1.073783759489242762e+00
2.572000000000000000e+10,-1.063262167425176763e+00
2.572666666666666794e+10,-1.051503109141643577e+00
2.573333333333333206e+10,-1.038852685179170399e+00
2.574000000000000000e+10,-1.025729903663691545e+00
2.574666666666666794e+10,-1.012591984418509616e+00
2.575333333333333206e+10,-9.998966622026228546e-01
2.576000000000000000e+10,-9.880653831611523330e-01
2.576666666666666794e+10,-9.774509981257912816e-01
2.577333333333333206e+10,-9.683127283745051050e-01
2.578000000000000000e+10,-9.608000392980903248e-01
2.578666666666666794e+10,-9.549458771428842585e-01
2.579333333333333206e+10,-9.506687371067161774e-01
2.580000000000000000e+10,-9.477823746003887218e-01
2.580666666666666794e+10,-9.460116695053176761e-01
2.581333333333333206e+10,-9.450131366568694791e-01
2.582000000000000000e+10,-9.443987220313133646e-01
2.582666666666666794e+10,-9.437617000559908043e-01
2.583333333333333206e+10,-9.427035842110170760e-01
2.584000000000000000e+10,-9.408609194678119181e-01
2.584666666666666794e+10,-9.379306400262130694e-01
2.585333333333333206e+10,-9.336924102894127442e-01
2.586000000000000000e+10,-9.280261344795494027e-01
2.586666666666666794e+10,-9.209227622336435548e-01
2.587333333333333206e+10,-9.124867642684260094e-01
2.588000000000000000e+10,-9.029292749521599104e-01
2.588666666666666794e+10,-8.925518677837818160e-01
2.589333333333333206e+10,-8.817220995955432628e-01
2.590000000000000000e+10,-8.708430937303370811e-01
2.590666666666666794e+10,-8.603202711244827272e-01
2.591333333333333206e+10,-8.505286809457905939e-01
2.592000000000000000e+10,-8.417841573269966293e-01
2.592666666666666794e+10,-8.343208145291127753e-01
2.593333333333333206e+10,-8.282763860725351757e-01
2.594000000000000000e+10,-8.236858573954830565e-01
2.594666666666666794e+10,-8.204829493417278297e-01
2.595333333333333206e+10,-8.185084095987921193e-01
2.596000000000000000e+10,-8.175237878901757682e-01
2.596666666666666794e+10,-8.172293499229571490e-01
2.597333333333333206e+10,-8.172849166058500092e-01
2.598000000000000000e+10,-8.173325793174051057e-01
2.598666666666666794e+10,-8.170203397517328270e-01
2.599333333333333206e+10,-8.160256963874491509e-01
2.600000000000000000e+10,-8.140780441197166262e-01
