freq_hz,s11_db,s21_db
2.000000000000000000e+10,-4.154990946701545340e+01,-1.202241906792068799e-01
2.002000000000000000e+10,-4.153785590505207637e+01,-1.202177043327674194e-01
2.004000000000000000e+10,-4.152627371311234583e+01,-1.202111655678298058e-01
2.006000000000000000e+10,-4.151516172763379586e+01,-1.202045749058648777e-01
2.008000000000000000e+10,-4.150451880242877678e+01,-1.201979326903583056e-01
2.010000000000000000e+10,-4.149434380580701287e+01,-1.201912390570980677e-01
2.012000000000000000e+10,-4.148463561677939992e+01,-1.201844939141700763e-01
2.014000000000000000e+10,-4.147539312042671611e+01,-1.201776969323662680e-01
2.016000000000000000e+10,-4.146661520256622424e+01,-1.201708475460450398e-01
2.018000000000000000e+10,-4.145830074385895614e+01,-1.201639449642777357e-01
2.020000000000000000e+10,-4.145044861353267152e+01,-1.201569881917861765e-01
2.022000000000000000e+10,-4.144305766287840243e+01,-1.201499760584241877e-01
2.024000000000000000e+10,-4.143612671872403297e+01,-1.201429072561844835e-01
2.026000000000000000e+10,-4.142965457704625720e+01,-1.201357803819292497e-01
2.028000000000000000e+10,-4.142363999689736431e+01,-1.201285939841919975e-01
2.030000000000000000e+10,-4.141808169480727031e+01,-1.201213466120236162e-01
2.032000000000000000e+10,-4.141297833978178744e+01,-1.201140368641109846e-01
2.034000000000000000e+10,-4.140832854902330951e+01,-1.201066634359193031e-01
2.036000000000000000e+10,-4.140413088444006462e+01,-1.200992251633915542e-01
2.038000000000000000e+10,-4.140038385000453047e+01,-1.200917210610841224e-01
2.040000000000000000e+10,-4.139708588996412431e+01,-1.200841503537428273e-01
2.042000000000000000e+10,-4.139423538789462498e+01,-1.200765124997268674e-01
2.044000000000000000e+10,-4.139183066654545939e+01,-1.200688072058021943e-01
2.046000000000000000e+10,-4.138986998838567644e+01,-1.200610344324986589e-01
2.048000000000000000e+10,-4.138835155674891553e+01,-1.200531943901703008e-01
2.050000000000000000e+10,-4.138727351744343252e+01,-1.200452875258446600e-01
2.052000000000000000e+10,-4.138663396067349254e+01,-1.200373145014598797e-01
2.054000000000000000e+10,-4.138643092310292104e+01,-1.200292761645577327e-01
2.056000000000000000e+10,-4.138666238990395385e+01,-1.200211735124717821e-01
2.058000000000000000e+10,-4.138732629660188422e+01,-1.200130076515674715e-01
2.060000000000000000e+10,-4.138842053056325199e+01,-1.200047797531246518e-01
2.062000000000000000e+10,-4.138994293196596175e+01,-1.199964910076885272e-01
2.064000000000000000e+10,-4.139189129411850843e+01,-1.199881425794577239e-01
2.066000000000000000e+10,-4.139426336300958553e+01,-1.199797355627994083e-01
2.068000000000000000e+10,-4.139705683600473662e+01,-1.199712709422325746e-01
2.070000000000000000e+10,-4.140026935962424659e+01,-1.199627495576641029e-01
2.072000000000000000e+10,-4.140389852638095647e+01,-1.199541720760320535e-01
2.074000000000000000e+10,-4.140794187068070187e+01,-1.199455389704425501e-01
2.076000000000000000e+10,-4.141239686381339880e+01,-1.199368505075432689e-01
2.078000000000000000e+10,-4.141726090811388872e+01,-1.199281067436330506e-01
2.080000000000000000e+10,-4.142253133037394264e+01,-1.199193075295428013e-01
2.082000000000000000e+10,-4.142820537462963415e+01,-1.199104525239435837e-01
2.084000000000000000e+10,-4.143428019446055544e+01,-1.199015412148340398e-01
2.086000000000000000e+10,-4.144075284494381606e+01,-1.198925729479572710e-01
2.088000000000000000e+10,-4.144762027443323404e+01,-1.198835469613593885e-01
2.090000000000000000e+10,-4.145487931631723200e+01,-1.198744624245108858e-01
2.092000000000000000e+10,-4.146252668091801752e+01,-1.198653184806761085e-01
2.094000000000000000e+10,-4.147055894767528628e+01,-1.198561142908180222e-01
2.096000000000000000e+10,-4.147897255775279746e+01,-1.198468490774141637e-01
2.098000000000000000e+10,-4.148776380718052792e+01,-1.198375221665941570e-01
2.100000000000000000e+10,-4.149692884061973075e+01,-1.198281330269794359e-01
2.102000000000000000e+10,-4.150646364581122327e+01,-1.198186813039544552e-01
2.104000000000000000e+10,-4.151636404874594888e+01,-1.198091668479346755e-01
2.106000000000000000e+10,-4.152662570955071430e+01,-1.197995897359574735e-01
2.108000000000000000e+10,-4.153724411906586056e+01,-1.197899502855224174e-01
2.110000000000000000e+10,-4.154821459605243916e+01,-1.197802490605451575e-01
2.112000000000000000e+10,-4.155953228494387020e+01,-1.197704868691807090e-01
2.114000000000000000e+10,-4.157119215403339751e+01,-1.197606647536419294e-01
2.116000000000000000e+10,-4.158318899396672919e+01,-1.197507839726726642e-01
2.118000000000000000e+10,-4.159551741639339184e+01,-1.197408459771779482e-01
2.120000000000000000e+10,-4.160817185263100271e+01,-1.197308523802030483e-01
2.122000000000000000e+10,-4.162114655217369119e+01,-1.197208049223009718e-01
2.124000000000000000e+10,-4.163443558091046270e+01,-1.197107054337206294e-01
2.126000000000000000e+10,-4.164803281888899988e+01,-1.197005557947572324e-01
2.128000000000000000e+10,-4.166193195751522182e+01,-1.196903578958534581e-01
2.130000000000000000e+10,-4.167612649606147102e+01,-1.196801135987659026e-01
2.132000000000000000e+10,-4.169060973741716225e+01,-1.196698247003284421e-01
2.134000000000000000e+10,-4.170537478300534673e+01,-1.196594928999680923e-01
2.136000000000000000e+10,-4.172041452686235630e+01,-1.196491197722480138e-01
2.138000000000000000e+10,-4.173572164886273583e+01,-1.196387067451296360e-01
2.140000000000000000e+10,-4.175128860714507084e+01,-1.196282550847939247e-01
2.142000000000000000e+10,-4.176710762979601554e+01,-1.196177658873668892e-01
2.144000000000000000e+10,-4.178317070590303928e+01,-1.196072400777102585e-01
2.146000000000000000e+10,-4.179946957608247970e+01,-1.195966784151370615e-01
2.148000000000000000e+10,-4.181599572264717324e+01,-1.195860815056885851e-01
2.150000000000000000e+10,-4.183274035955930970e+01,-1.195754498203829563e-01
2.152000000000000000e+10,-4.184969442235355075e+01,-1.195647837184743156e-01
2.154000000000000000e+10,-4.186684855819974871e+01,-1.195540834749363457e-01
2.156000000000000000e+10,-4.188419311628888408e+01,-1.195433493107753153e-01
2.158000000000000000e+10,-4.190171813870143325e+01,-1.195325814251081559e-01
2.160000000000000000e+10,-4.191941335192792906e+01,-1.195217800277471737e-01
2.162000000000000000e+10,-4.193726815916367912e+01,-1.195109453708085301e-01
2.164000000000000000e+10,-4.195527163350449484e+01,-1.195000777784855361e-01
2.166000000000000000e+10,-4.197341251212137081e+01,-1.194891776735560185e-01
2.168000000000000000e+10,-4.199167919147639338e+01,-1.194782455999028603e-01
2.170000000000000000e+10,-4.201005972360613328e+01,-1.194672822401445095e-01
2.172000000000000000e+10,-4.202854181346673812e+01,-1.194562884278542597e-01
2.174000000000000000e+10,-4.204711281730940442e+01,-1.194452651540383603e-01
2.176000000000000000e+10,-4.206575974202193891e+01,-1.194342135676657729e-01
2.178000000000000000e+10,-4.208446924535248712e+01,-1.194231349705275613e-01
2.180000000000000000e+10,-4.210322763691223713e+01,-1.194120308066231873e-01
2.182000000000000000e+10,-4.212202087983189358e+01,-1.194009026466398837e-01
2.184000000000000000e+10,-4.214083459295773082e+01,-1.193897521684473412e-01
2.186000000000000000e+10,-4.215965405344551442e+01,-1.193785811341489117e-01
2.188000000000000000e+10,-4.217846419964034510e+01,-1.193673913650281776e-01
2.190000000000000000e+10,-4.219724963412560470e+01,-1.193561847152102562e-01
2.192000000000000000e+10,-4.221599462685404802e+01,-1.193449630452418642e-01
2.194000000000000000e+10,-4.223468311828860067e+01,-1.193337281966680291e-01
2.196000000000000000e+10,-4.225329872251500518e+01,-1.193224819685622939e-01
2.198000000000000000e+10,-4.227182473031896848e+01,-1.193112260969168281e-01
2.200000000000000000e+10,-4.229024411225452695e+01,-1.192999622378329017e-01
2.202000000000000000e+10,-4.230853952176688182e+01,-1.192886919548664382e-01
2.204000000000000000e+10,-4.232669329846770978e+01,-1.192774167112455180e-01
2.206000000000000000e+10,-4.234468747169547242e+01,-1.192661378669311462e-01
2.208000000000000000e+10,-4.236250376451912558e+01,-1.192548566807687671e-01
2.210000000000000000e+10,-4.238012359837875920e+01,-1.192435743174528051e-01
2.212000000000000000e+10,-4.239752809856277338e+01,-1.192322918588641784e-01
2.214000000000000000e+10,-4.241469810074973878e+01,-1.192210103193749732e-01
2.216000000000000000e+10,-4.243161415882998710e+01,-1.192097306643354199e-01
2.218000000000000000e+10,-4.244825655424112654e+01,-1.191984538308991648e-01
2.220000000000000000e+10,-4.246460530701922664e+01,-1.191871807503060016e-01
2.222000000000000000e+10,-4.248064018876613090e+01,-1.191759123706886692e-01
2.224000000000000000e+10,-4.249634073769733078e+01,-1.191646496792935772e-01
2.226000000000000000e+10,-4.251168627590375593e+01,-1.191533937233544560e-01
2.228000000000000000e+10,-4.252665592892877555e+01,-1.191421456285556568e-01
2.230000000000000000e+10,-4.254122864770223345e+01,-1.191309066144207729e-01
2.232000000000000000e+10,-4.255538323285427538e+01,-1.191196780059314980e-01
2.234000000000000000e+10,-4.256909836135720582e+01,-1.191084612408561672e-01
2.236000000000000000e+10,-4.258235261541322103e+01,-1.190972578725295050e-01
2.238000000000000000e+10,-4.259512451345740658e+01,-1.190860695678731679e-01
2.240000000000000000e+10,-4.260739254310679769e+01,-1.190748981007999502e-01
2.242000000000000000e+10,-4.261913519584201282e+01,-1.190637453411794028e-01
2.244000000000000000e+10,-4.263033100319230329e+01,-1.190526132397963788e-01
2.246000000000000000e+10,-4.264095857416015889e+01,-1.190415038099319756e-01
2.248000000000000000e+10,-4.265099663361866078e+01,-1.190304191062021982e-01
2.250000000000000000e+10,-4.266042406140103083e+01,-1.190193612015482683e-01
2.252000000000000000e+10,-4.266921993181190942e+01,-1.190083321632132707e-01
2.254000000000000000e+10,-4.267736355330156073e+01,-1.189973340287022174e-01
2.256000000000000000e+10,-4.268483450805408808e+01,-1.189863687825256922e-01
2.258000000000000000e+10,-4.269161269128731817e+01,-1.189754383348154282e-01
2.260000000000000000e+10,-4.269767835006587120e+01,-1.189645445024304360e-01
2.262000000000000000e+10,-4.270301212148778802e+01,-1.189536889934211805e-01
2.264000000000000000e+10,-4.270759507013276846e+01,-1.189428733953555861e-01
2.266000000000000000e+10,-4.271140872468891558e+01,-1.189320991679504586e-01
2.268000000000000000e+10,-4.271443511372563506e+01,-1.189213676403263892e-01
2.270000000000000000e+10,-4.271665680060009151e+01,-1.189106800129147296e-01
2.272000000000000000e+10,-4.271805691751818301e+01,-1.189000373639188674e-01
2.274000000000000000e+10,-4.271861919878418234e+01,-1.188894406601349735e-01
2.276000000000000000e+10,-4.271832801329271945e+01,-1.188788907715937759e-01
2.278000000000000000e+10,-4.271716839632294693e+01,-1.188683884894788378e-01
2.280000000000000000e+10,-4.271512608067641281e+01,-1.188579345467058179e-01
2.282000000000000000e+10,-4.271218752720601231e+01,-1.188475296402036196e-01
2.284000000000000000e+10,-4.270833995475137357e+01,-1.188371744541604769e-01
2.286000000000000000e+10,-4.270357136947195897e+01,-1.188268696832499166e-01
2.288000000000000000e+10,-4.269787059353738812e+01,-1.188166160550366557e-01
2.290000000000000000e+10,-4.269122729309003006e+01,-1.188064143506695758e-01
2.292000000000000000e+10,-4.268363200536936120e+01,-1.187962654230265980e-01
2.294000000000000000e+10,-4.267507616482688348e+01,-1.187861702117218310e-01
2.296000000000000000e+10,-4.266555212805040753e+01,-1.187761297544284445e-01
2.298000000000000000e+10,-4.265505319724590549e+01,-1.187661451939913543e-01
2.300000000000000000e+10,-4.264357364203058864e+01,-1.187562177811991859e-01
2.302000000000000000e+10,-4.263110871924963874e+01,-1.187463488731305139e-01
2.304000000000000000e+10,-4.261765469051941579e+01,-1.187365399270756960e-01
2.306000000000000000e+10,-4.260320883720104490e+01,-1.187267924903908506e-01
2.308000000000000000e+10,-4.258776947251667622e+01,-1.187171081866360139e-01
2.310000000000000000e+10,-4.257133595053211650e+01,-1.187074886985481359e-01
2.312000000000000000e+10,-4.255390867176529923e+01,-1.186979357485162673e-01
2.314000000000000000e+10,-4.253548908521955951e+01,-1.186884510772943657e-01
2.316000000000000000e+10,-4.251607968668065496e+01,-1.186790364217580607e-01
2.318000000000000000e+10,-4.249568401318015987e+01,-1.186696934924906799e-01
2.320000000000000000e+10,-4.247430663357945235e+01,-1.186604239520848703e-01
2.322000000000000000e+10,-4.245195313529585235e+01,-1.186512293948764341e-01
2.324000000000000000e+10,-4.242863010725951511e+01,-1.186421113288273488e-01
2.326000000000000000e+10,-4.240434511923669447e+01,-1.186330711602455318e-01
2.328000000000000000e+10,-4.237910669774092298e+01,-1.186241101817045313e-01
2.330000000000000000e+10,-4.235292429877073772e+01,-1.186152295636741377e-01
2.332000000000000000e+10,-4.232580827769622545e+01,-1.186064303499498457e-01
2.334000000000000000e+10,-4.229776985662230260e+01,-1.185977134570447566e-01
2.336000000000000000e+10,-4.226882108960073481e+01,-1.185890796773759748e-01
2.338000000000000000e+10,-4.223897482607252840e+01,-1.185805296860587832e-01
2.340000000000000000e+10,-4.220824467292619175e+01,-1.185720640508941687e-01
2.342000000000000000e+10,-4.217664495555374060e+01,-1.185636832450867456e-01
2.344000000000000000e+10,-4.214419067826516141e+01,-1.185553876620682179e-01
2.346000000000000000e+10,-4.211089748440596736e+01,-1.185471776317992137e-01
2.348000000000000000e+10,-4.207678161647044135e+01,-1.185390534377596117e-01
2.350000000000000000e+10,-4.204185987648482836e+01,-1.185310153340575212e-01
2.352000000000000000e+10,-4.200614958686945499e+01,-1.185230635617305628e-01
2.354000000000000000e+10,-4.196966855196073709e+01,-1.185151983637536405e-01
2.356000000000000000e+10,-4.193243502030752268e+01,-1.185074199980621495e-01
2.358000000000000000e+10,-4.189446764782601917e+01,-1.184997287480286932e-01
2.360000000000000000e+10,-4.185578546184473225e+01,-1.184921249301985197e-01
2.362000000000000000e+10,-4.181640782603354012e+01,-1.184846088987352858e-01
2.364000000000000000e+10,-4.177635440619081209e+01,-1.184771810466597047e-01
2.366000000000000000e+10,-4.173564513680977939e+01,-1.184698418037953283e-01
2.368000000000000000e+10,-4.169430018836916219e+01,-1.184625916315630578e-01
2.370000000000000000e+10,-4.165233993524090295e+01,-1.184554310149434075e-01
2.372000000000000000e+10,-4.160978492413948970e+01,-1.184483604519861732e-01
2.374000000000000000e+10,-4.156665584302793803e+01,-1.184413804412906696e-01
2.376000000000000000e+10,-4.152297349041319308e+01,-1.184344914682291389e-01
2.378000000000000000e+10,-4.147875874498022597e+01,-1.184276939902811632e-01
2.380000000000000000e+10,-4.143403253554656374e+01,-1.184209884224154685e-01
2.382000000000000000e+10,-4.138881581132923770e+01,-1.184143751229418118e-01
2.384000000000000000e+10,-4.134312951256725910e+01,-1.184078543806856010e-01
2.386000000000000000e+10,-4.129699454154756921e+01,-1.184014264039270903e-01
2.388000000000000000e+10,-4.125043173413185116e+01,-1.183950913116750270e-01
2.390000000000000000e+10,-4.120346183188635791e+01,-1.183888491276900434e-01
2.392000000000000000e+10,-4.115610545495303541e+01,-1.183826997775848239e-01
2.394000000000000000e+10,-4.110838307580726791e+01,-1.183766430890969834e-01
2.396000000000000000e+10,-4.106031499406110896e+01,-1.183706787956653739e-01
2.398000000000000000e+10,-4.101192131246904182e+01,-1.183648065431531227e-01
2.400000000000000000e+10,-4.096322191430011372e+01,-1.183590258995568523e-01
2.402000000000000000e+10,-4.091423644222003730e+01,-1.183533363672725075e-01
2.404000000000000000e+10,-4.086498427881651452e+01,-1.183477373975319047e-01
2.406000000000000000e+10,-4.081548452888441147e+01,-1.183422284064201413e-01
2.408000000000000000e+10,-4.076575600355178608e+01,-1.183368087918617029e-01
2.410000000000000000e+10,-4.071581720630565826e+01,-1.183314779509729853e-01
2.412000000000000000e+10,-4.066568632094234204e+01,-1.183262352969837589e-01
2.414000000000000000e+10,-4.061538120143610797e+01,-1.183210802751876733e-01
2.416000000000000000e+10,-4.056491936368148288e+01,-1.183160123772155348e-01
2.418000000000000000e+10,-4.051431797903677534e+01,-1.183110311530304742e-01
2.420000000000000000e+10,-4.046359386956584103e+01,-1.183061362202674216e-01
2.422000000000000000e+10,-4.041276350484989166e+01,-1.183013272704197538e-01
2.424000000000000000e+10,-4.036184300021240290e+01,-1.182966040716582207e-01
2.426000000000000000e+10,-4.031084811619444253e+01,-1.182919664681318928e-01
2.428000000000000000e+10,-4.025979425909591214e+01,-1.182874143757575713e-01
2.430000000000000000e+10,-4.020869648239877137e+01,-1.182829477746298319e-01
2.432000000000000000e+10,-4.015756948888557787e+01,-1.182785666982679590e-01
2.434000000000000000e+10,-4.010642763327443561e+01,-1.182742712201597379e-01
2.436000000000000000e+10,-4.005528492520423356e+01,-1.182700614380219339e-01
2.438000000000000000e+10,-4.000415503241402604e+01,-1.182659374563842236e-01
2.440000000000000000e+10,-3.995305128398793926e+01,-1.182618993680744079e-01
2.442000000000000000e+10,-3.990198667356261097e+01,-1.182579472354027827e-01
2.444000000000000000e+10,-3.985097386240506978e+01,-1.182540810715553836e-01
2.446000000000000000e+10,-3.980002518231557218e+01,-1.182503008230337133e-01
2.448000000000000000e+10,-3.974915263832262724e+01,-1.182466063536483092e-01
2.450000000000000000e+10,-3.969836791117121066e+01,-1.182429974307405984e-01
2.452000000000000000e+10,-3.964768235962792886e+01,-1.182394737139862706e-01
2.454000000000000000e+10,-3.959710702264359128e+01,-1.182360347473237761e-01
2.456000000000000000e+10,-3.954665262144323634e+01,-1.182326799540668466e-01
2.458000000000000000e+10,-3.949632956161366337e+01,-1.182294086355430707e-01
2.460000000000000000e+10,-3.944614793528184293e+01,-1.182262199730617080e-01
2.462000000000000000e+10,-3.939611752347251183e+01,-1.182231130332629665e-01
2.464000000000000000e+10,-3.934624779873449540e+01,-1.182200867763687213e-01
2.466000000000000000e+10,-3.929654792813315112e+01,-1.182171400672501482e-01
2.468000000000000000e+10,-3.924702677667509931e+01,-1.182142716885103279e-01
2.470000000000000000e+10,-3.919769291124186594e+01,-1.182114803553224180e-01
2.472000000000000000e+10,-3.914855460507777707e+01,-1.182087647312148604e-01
2.474000000000000000e+10,-3.909961984286194792e+01,-1.182061234442624426e-01
2.476000000000000000e+10,-3.905089632638527775e+01,-1.182035551029506776e-01
2.478000000000000000e+10,-3.900239148081219298e+01,-1.182010583111703095e-01
2.480000000000000000e+10,-3.895411246150304407e+01,-1.181986316816601712e-01
2.482000000000000000e+10,-3.890606616134747497e+01,-1.181962738474092584e-01
2.484000000000000000e+10,-3.885825921853741249e+01,-1.181939834706086934e-01
2.486000000000000000e+10,-3.881069802469352226e+01,-1.181917592487370106e-01
2.488000000000000000e+10,-3.876338873325474310e+01,-1.181895999176204581e-01
2.490000000000000000e+10,-3.871633726801196218e+01,-1.181875042513703816e-01
2.492000000000000000e+10,-3.866954933168234732e+01,-1.181854710592090407e-01
2.494000000000000000e+10,-3.862303041440534912e+01,-1.181834991793149214e-01
2.496000000000000000e+10,-3.857678580204649421e+01,-1.181815874700441887e-01
2.498000000000000000e+10,-3.853082058420832823e+01,-1.181797347988894492e-01
2.500000000000000000e+10,-3.848513966184362545e+01,-1.181779400295693006e-01
2.502000000000000000e+10,-3.843974775439978231e+01,-1.181762020079926562e-01
2.504000000000000000e+10,-3.839464940641678226e+01,-1.181745195474950827e-01
2.506000000000000000e+10,-3.834984899353936783e+01,-1.181728914141786380e-01
2.508000000000000000e+10,-3.830535072790886630e+01,-1.181713163128341737e-01
2.510000000000000000e+10,-3.826115866293265810e+01,-1.181697928742061476e-01
2.512000000000000000e+10,-3.821727669743771827e+01,-1.181683196440616729e-01
2.514000000000000000e+10,-3.817370857924709071e+01,-1.181668950746576907e-01
2.516000000000000000e+10,-3.813045790822349090e+01,-1.181655175189646190e-01
2.518000000000000000e+10,-3.808752813885110555e+01,-1.181641852279683436e-01
2.520000000000000000e+10,-3.804492258243166702e+01,-1.181628963513398911e-01
2.522000000000000000e+10,-3.800264440898650520e+01,-1.181616489414012566e-01
2.524000000000000000e+10,-3.796069664895919260e+01,-1.181604409604059547e-01
2.526000000000000000e+10,-3.791908219481883435e+01,-1.181592702910125026e-01
2.528000000000000000e+10,-3.787780380265842695e+01,-1.181581347496011292e-01
2.530000000000000000e+10,-3.783686409388543126e+01,-1.181570321019916742e-01
2.532000000000000000e+10,-3.779626555708809832e+01,-1.181559600811456501e-01
2.534000000000000000e+10,-3.775601055014950447e+01,-1.181549164062975776e-01
2.536000000000000000e+10,-3.771610130267224292e+01,-1.181538988027957954e-01
2.538000000000000000e+10,-3.767653991875585007e+01,-1.181529050221449689e-01
2.540000000000000000e+10,-3.763732838015413762e+01,-1.181519328614929892e-01
2.542000000000000000e+10,-3.759846854982203013e+01,-1.181509801819861927e-01
2.544000000000000000e+10,-3.755996217584189623e+01,-1.181500449254293261e-01
2.546000000000000000e+10,-3.752181089570137118e+01,-1.181491251286434369e-01
2.548000000000000000e+10,-3.748401624088035788e+01,-1.181482189352178608e-01
2.550000000000000000e+10,-3.744657964168970921e+01,-1.181473246041210012e-01
2.552000000000000000e+10,-3.740950243228851946e+01,-1.181464405152039682e-01
2.554000000000000000e+10,-3.737278585580460799e+01,-1.181455651711671578e-01
2.556000000000000000e+10,-3.733643106946920653e+01,-1.181446971962767795e-01
2.558000000000000000e+10,-3.730043914967971119e+01,-1.181438353317311590e-01
2.560000000000000000e+10,-3.726481109690244153e+01,-1.181429784281024659e-01
2.562000000000000000e+10,-3.722954784032801712e+01,-1.181421254349542260e-01
2.564000000000000000e+10,-3.719465024220922089e+01,-1.181412753882721545e-01
2.566000000000000000e+10,-3.716011910180896649e+01,-1.181404273960250106e-01
2.568000000000000000e+10,-3.712595515890514264e+01,-1.181395806225082751e-01
2.570000000000000000e+10,-3.709215909681626755e+01,-1.181387342718845240e-01
2.572000000000000000e+10,-3.705873154491869315e+01,-1.181378875716796728e-01
2.574000000000000000e+10,-3.702567308065330565e+01,-1.181370397566029046e-01
2.576000000000000000e+10,-3.699298423102777633e+01,-1.181361900533165199e-01
2.578000000000000000e+10,-3.696066547364126365e+01,-1.181353376665836286e-01
2.580000000000000000e+10,-3.692871723727834876e+01,-1.181344817671962921e-01
2.582000000000000000e+10,-3.689713990211648564e+01,-1.181336214820078723e-01
2.584000000000000000e+10,-3.686593379962562267e+01,-1.181327558862241417e-01
2.586000000000000000e+10,-3.683509921222781003e+01,-1.181318839981793933e-01
2.588000000000000000e+10,-3.680463637280021771e+01,-1.181310047765681132e-01
2.590000000000000000e+10,-3.677454546410888980e+01,-1.181301171200500877e-01
2.592000000000000000e+10,-3.674482661825229712e+01,-1.181292198690617884e-01
2.594000000000000000e+10,-3.671547991619998186e+01,-1.181283118097129076e-01
2.596000000000000000e+10,-3.668650538749498935e+01,-1.181273916792693612e-01
2.598000000000000000e+10,-3.665790301019269037e+01,-1.181264581730175206e-01
2.600000000000000000e+10,-3.662967271107925171e+01,-1.181255099521021368e-01
2.602000000000000000e+10,-3.660181436621226680e+01,-1.181245456518568993e-01
2.604000000000000000e+10,-3.657432780181526510e+01,-1.181235638902718432e-01
2.606000000000000000e+10,-3.654721279552045843e+01,-1.181225632762682304e-01
2.608000000000000000e+10,-3.652046907795926955e+01,-1.181215424173095302e-01
2.610000000000000000e+10,-3.649409633468073366e+01,-1.181204999261817462e-01
2.612000000000000000e+10,-3.646809420834707538e+01,-1.181194344265897034e-01
2.614000000000000000e+10,-3.644246230116575447e+01,-1.181183445574827406e-01
2.616000000000000000e+10,-3.641720017749027249e+01,-1.181172289760321903e-01
2.618000000000000000e+10,-3.639230736651570908e+01,-1.181160863591173560e-01
2.620000000000000000e+10,-3.636778336499806841e+01,-1.181149154035777138e-01
2.622000000000000000e+10,-3.634362763990785083e+01,-1.181137148251932834e-01
2.624000000000000000e+10,-3.631983963094873502e+01,-1.181124833567082227e-01
2.626000000000000000e+10,-3.629641875285452102e+01,-1.181112197450438911e-01
2.628000000000000000e+10,-3.627336439740298601e+01,-1.181099227481189479e-01
2.630000000000000000e+10,-3.625067593507932884e+01,-1.181085911314035258e-01
2.632000000000000000e+10,-3.622835271634507848e+01,-1.181072236647063428e-01
2.634000000000000000e+10,-3.620639407247524133e+01,-1.181058191194355039e-01
2.636000000000000000e+10,-3.618479931594318089e+01,-1.181043762665096863e-01
2.638000000000000000e+10,-3.616356774034762367e+01,-1.181028938753610480e-01
2.640000000000000000e+10,-3.614269861990106847e+01,-1.181013707141240487e-01
2.642000000000000000e+10,-3.612219120849436393e+01,-1.180998055510772138e-01
2.644000000000000000e+10,-3.610204473839502981e+01,-1.180981971575612716e-01
2.646000000000000000e+10,-3.608225841862411443e+01,-1.180965443122821146e-01
2.648000000000000000e+10,-3.606283143308223771e+01,-1.180948458069465135e-01
2.650000000000000000e+10,-3.604376293850673818e+01,-1.180931004530655914e-01
2.652000000000000000e+10,-3.602505206233316670e+01,-1.180913070897702533e-01
2.654000000000000000e+10,-3.600669790054943320e+01,-1.180894645923607489e-01
2.656000000000000000e+10,-3.598869951563195002e+01,-1.180875718812959274e-01
2.658000000000000000e+10,-3.597105593463731310e+01,-1.180856279312540447e-01
2.660000000000000000e+10,-3.595376614752743905e+01,-1.180836317800163793e-01
2.662000000000000000e+10,-3.593682910579574497e+01,-1.180815825367471372e-01
2.664000000000000000e+10,-3.592024372143897182e+01,-1.180794793893363559e-01
2.666000000000000000e+10,-3.590400886632405530e+01,-1.180773216106238144e-01
2.668000000000000000e+10,-3.588812337196159064e+01,-1.180751085631391445e-01
2.670000000000000000e+10,-3.587258602970354815e+01,-1.180728397022208220e-01
2.672000000000000000e+10,-3.585739559134253085e+01,-1.180705145773643244e-01
2.674000000000000000e+10,-3.584255077009630241e+01,-1.180681328317614298e-01
2.676000000000000000e+10,-3.582805024192783350e+01,-1.180656942001086090e-01
2.678000000000000000e+10,-3.581389264714332654e+01,-1.180631985045932086e-01
2.680000000000000000e+10,-3.580007659220490979e+01,-1.180606456494679574e-01
2.682000000000000000e+10,-3.578660065167076709e+01,-1.180580356142513915e-01
2.684000000000000000e+10,-3.577346337018486366e+01,-1.180553684459141883e-01
2.686000000000000000e+10,-3.576066326442286680e+01,-1.180526442503552903e-01
2.688000000000000000e+10,-3.574819882490812262e+01,-1.180498631835275730e-01
2.690000000000000000e+10,-3.573606851760991532e+01,-1.180470254425650400e-01
2.692000000000000000e+10,-3.572427078525082322e+01,-1.180441312572087648e-01
2.694000000000000000e+10,-3.571280404824894816e+01,-1.180411808820169689e-01
2.696000000000000000e+10,-3.570166670524112362e+01,-1.180381745893873680e-01
2.698000000000000000e+10,-3.569085713314956365e+01,-1.180351126639697795e-01
2.700000000000000000e+10,-3.568037368676313292e+01,-1.180319953983237080e-01
2.702000000000000000e+10,-3.567021469782659437e+01,-1.180288230902038493e-01
2.704000000000000000e+10,-3.566037847365235791e+01,-1.180255960412678329e-01
2.706000000000000000e+10,-3.565086329528202924e+01,-1.180223145574221671e-01
2.708000000000000000e+10,-3.564166741524206827e+01,-1.180189789504389880e-01
2.710000000000000000e+10,-3.563278905495693039e+01,-1.180155895408212946e-01
2.712000000000000000e+10,-3.562422640189668499e+01,-1.180121466616238096e-01
2.714000000000000000e+10,-3.561597760653478417e+01,-1.180086506629399457e-01
2.716000000000000000e+10,-3.560804077921947908e+01,-1.180051019166895726e-01
2.718000000000000000e+10,-3.560041398704607474e+01,-1.180015008213803063e-01
2.720000000000000000e+10,-3.559309525082861825e+01,-1.179978478065710490e-01
2.722000000000000000e+10,-3.558608254226568590e+01,-1.179941433364894154e-01
2.724000000000000000e+10,-3.557937378137916085e+01,-1.179903879128352540e-01
2.726000000000000000e+10,-3.557296683430617179e+01,-1.179865820761560186e-01
2.728000000000000000e+10,-3.556685951150324598e+01,-1.179827264059080116e-01
2.730000000000000000e+10,-3.556104956640432846e+01,-1.179788215189647577e-01
2.732000000000000000e+10,-3.555553469456420146e+01,-1.179748680664789579e-01
2.734000000000000000e+10,-3.555031253329123331e+01,-1.179708667294064456e-01
2.736000000000000000e+10,-3.554538066175663857e+01,-1.179668182125489795e-01
2.738000000000000000e+10,-3.554073660155304282e+01,-1.179627232376197904e-01
2.740000000000000000e+10,-3.553637781764315662e+01,-1.179585825354154960e-01
2.742000000000000000e+10,-3.553230171963869566e+01,-1.179543968377427948e-01
2.744000000000000000e+10,-3.552850566332406856e+01,-1.179501668691907423e-01
2.746000000000000000e+10,-3.552498695232999637e+01,-1.179458933395999276e-01
2.748000000000000000e+10,-3.552174283985592496e+01,-1.179415769373167028e-01
2.750000000000000000e+10,-3.551877053033823017e+01,-1.179372183240202099e-01
2.752000000000000000e+10,-3.551606718095201387e+01,-1.179328181312287727e-01
2.754000000000000000e+10,-3.551362990284966514e+01,-1.179283769591973757e-01
2.756000000000000000e+10,-3.551145576203778376e+01,-1.179238953780994692e-01
2.758000000000000000e+10,-3.550954177981597581e+01,-1.179193739321588719e-01
2.760000000000000000e+10,-3.550788493270197677e+01,-1.179148131462443294e-01
2.762000000000000000e+10,-3.550648215180288503e+01,-1.179102135355348246e-01
2.764000000000000000e+10,-3.550533032159804492e+01,-1.179055756175186875e-01
2.766000000000000000e+10,-3.550442627813328045e+01,-1.179008999265192398e-01
2.768000000000000000e+10,-3.550376680663701734e+01,-1.178961870299799763e-01
2.770000000000000000e+10,-3.550334863859944790e+01,-1.178914375464026609e-01
2.772000000000000000e+10,-3.550316844837809782e+01,-1.178866521639275466e-01
2.774000000000000000e+10,-3.550322284940845918e+01,-1.178818316593456400e-01
2.776000000000000000e+10,-3.550350839011198900e+01,-1.178769769164520198e-01
2.778000000000000000e+10,-3.550402154962241497e+01,-1.178720889433757107e-01
2.780000000000000000e+10,-3.550475873344014133e+01,-1.178671688878966395e-01
2.782000000000000000e+10,-3.550571626914953072e+01,-1.178622180503102190e-01
2.784000000000000000e+10,-3.550689040232010285e+01,-1.178572378931412035e-01
2.786000000000000000e+10,-3.550827729271543376e+01,-1.178522300472496925e-01
2.788000000000000000e+10,-3.550987301092654747e+01,-1.178471963139517270e-01
2.790000000000000000e+10,-3.551167353552458650e+01,-1.178421386629131679e-01
2.792000000000000000e+10,-3.551367475082064118e+01,-1.178370592258209670e-01
2.794000000000000000e+10,-3.551587244529478937e+01,-1.178319602858489135e-01
2.796000000000000000e+10,-3.551826231072766404e+01,-1.178268442631023594e-01
2.798000000000000000e+10,-3.552083994206046214e+01,-1.178217136967411871e-01
2.800000000000000000e+10,-3.552360083795469592e+01,-1.178165712240102359e-01
