Ref,Val,Package,PosX,PosY,Rot,Side
C1,4.7uF,C_0603_1608Metric,62.000000,-46.000000,90.000000,top
C2,1uF,C_0603_1608Metric,68.500000,-20.000000,90.000000,top
C3,1uF,C_0603_1608Metric,60.500000,-19.500000,90.000000,top
C4,1uF,C_0603_1608Metric,68.500000,-28.000000,90.000000,top
C5,1uF,C_0603_1608Metric,59.000000,-29.500000,90.000000,top
C6,1uF,C_0603_1608Metric,61.250000,-40.000000,90.000000,top
C7,1uF,C_0603_1608Metric,66.750000,-40.000000,90.000000,top
C15,0.1uF,C_0402_1005Metric,58.500000,-23.000000,-90.000000,top
C16,1nF,C_0402_1005Metric,57.000000,-23.000000,-90.000000,top
C17,10pF,C_0402_1005Metric,54.500000,-18.750000,90.000000,top
C18,0.1uF,C_0402_1005Metric,47.500000,-18.750000,90.000000,top
C19,1nF,C_0402_1005Metric,49.000000,-18.750000,90.000000,top
C20,10pF,C_0402_1005Metric,50.500000,-18.750000,90.000000,top
C22,0.1uF,C_0402_1005Metric,44.500000,-24.500000,90.000000,top
C23,1nF,C_0402_1005Metric,44.500000,-22.500000,90.000000,top
C24,10pF,C_0402_1005Metric,44.500000,-20.500000,90.000000,top
C27,0.1uF,C_0402_1005Metric,58.500000,-26.250000,90.000000,top
C28,1nF,C_0402_1005Metric,56.500000,-26.250000,90.000000,top
C29,10pF,C_0402_1005Metric,54.500000,-29.000000,90.000000,top
C30,1nF,C_0402_1005Metric,61.500000,-36.500000,180.000000,top
C31,22uF,C_0805_2012Metric,58.500000,-42.000000,90.000000,top
C32,10pF,C_0402_1005Metric,59.000000,-33.500000,90.000000,top
C33,220pF,C_0402_1005Metric,49.250000,-33.500000,90.000000,top
C34,3.3nF,C_0402_1005Metric,52.000000,-32.000000,90.000000,top
C35,47pF,C_0402_1005Metric,52.500000,-29.250000,90.000000,top
C36,100pF,C_0402_1005Metric,49.000000,-30.250000,180.000000,top
C37,1nF,C_0402_1005Metric,48.750000,-28.250000,180.000000,top
C38,100nF,C_0402_1005Metric,40.000000,-26.500000,180.000000,top
C39,10pF,C_0402_1005Metric,42.000000,-26.500000,0.000000,top
C40,100nF,C_0402_1005Metric,41.000000,-28.000000,-90.000000,top
C41,100nF,C_0402_1005Metric,38.500000,-31.000000,180.000000,top
C42,10pF,C_0402_1005Metric,42.000000,-33.000000,90.000000,top
C43,100nF,C_0402_1005Metric,40.250000,-31.000000,-90.000000,top
C44,10pF,C_0402_1005Metric,40.250000,-33.000000,90.000000,top
C45,100nF,C_0402_1005Metric,40.000000,-35.000000,180.000000,top
C46,10pF,C_0402_1005Metric,39.000000,-37.000000,0.000000,top
C47,100nF,C_0402_1005Metric,42.000000,-41.000000,0.000000,top
C48,100nF,C_0402_1005Metric,42.000000,-36.000000,0.000000,top
C49,100nF,C_0402_1005Metric,52.000000,-40.000000,90.000000,top
C50,100nF,C_0402_1005Metric,55.000000,-24.250000,180.000000,top
C52,100nF,C_0402_1005Metric,51.750000,-19.250000,-90.000000,top
C53,10pF,C_0201_0603Metric,48.750000,-26.600000,90.000000,top
C55,100pF,C_0402_1005Metric,50.250000,-27.300000,-90.000000,top
C56,47nF,C_0402_1005Metric,53.000000,-27.000000,-90.000000,top
C57,220nF,C_0402_1005Metric,54.500000,-27.000000,-90.000000,top
C58,220nF,C_0402_1005Metric,47.000000,-21.750000,0.000000,top
C59,100nF,C_0402_1005Metric,57.000000,-40.000000,90.000000,top
C70,100nF,C_0402_1005Metric,32.750000,-20.750000,-90.000000,top
C71,100nF,C_0402_1005Metric,30.750000,-20.750000,-90.000000,top
C72,100nF,C_0402_1005Metric,32.750000,-29.250000,90.000000,top
C73,100nF,C_0402_1005Metric,30.750000,-29.250000,90.000000,top
C74,100nF,C_0402_1005Metric,42.000000,-24.000000,180.000000,top
C75,100pF,C_0402_1005Metric,37.250000,-21.000000,-90.000000,top
C76,100pF,C_0402_1005Metric,37.250000,-23.000000,-90.000000,top
C77,100pF,C_0402_1005Metric,39.250000,-21.000000,90.000000,top
C78,100pF,C_0402_1005Metric,39.250000,-23.000000,90.000000,top
C79,100pF,C_0402_1005Metric,37.250000,-29.000000,90.000000,top
C80,100pF,C_0402_1005Metric,37.250000,-26.500000,-90.000000,top
C81,100pF,C_0402_1005Metric,34.500000,-34.500000,90.000000,top
C82,100pF,C_0402_1005Metric,39.250000,-28.000000,90.000000,top
C83,0.1uF,C_0402_1005Metric,29.000000,-18.000000,90.000000,top
C84,1nF,C_0402_1005Metric,31.000000,-18.000000,90.000000,top
C85,10pF,C_0402_1005Metric,33.000000,-18.000000,90.000000,top
C86,0.1uF,C_0402_1005Metric,29.000000,-32.000000,90.000000,top
C87,1nF,C_0402_1005Metric,31.000000,-32.000000,90.000000,top
C88,10pF,C_0402_1005Metric,33.000000,-32.000000,90.000000,top
C89,0.1uF,C_0402_1005Metric,35.500000,-25.500000,180.000000,top
C90,1nF,C_0402_1005Metric,37.000000,-33.500000,90.000000,top
C91,10pF,C_0402_1005Metric,39.500000,-25.500000,180.000000,top
D1,MBR0520LT1G,D_SOD-123,59.000000,-47.000000,90.000000,top
FB1,470R@100MHz,L_0603_1608Metric,55.000000,-46.000000,90.000000,top
J1,HDR_2x15,HDR_2x15_1.27MM_SMD,43.000000,-46.000000,90.000000,top
R1,100k,R_0402_1005Metric,68.500000,-24.000000,90.000000,top
R2,100k,R_0402_1005Metric,68.500000,-32.000000,90.000000,top
R20,1k,R_0402_1005Metric,59.500000,-36.500000,180.000000,top
R21,510,R_0402_1005Metric,47.500000,-33.500000,180.000000,top
R22,620,R_0402_1005Metric,50.500000,-32.000000,-90.000000,top
R23,0,R_0402_1005Metric,50.500000,-29.250000,-90.000000,top
R24,5.1k,R_0402_1005Metric,51.500000,-34.500000,90.000000,top
R40,5.1k,R_0402_1005Metric,46.000000,-24.000000,90.000000,top
R60,100R,R_0402_1005Metric,35.750000,-22.000000,180.000000,top
R61,100R,R_0402_1005Metric,35.750000,-23.500000,180.000000,top
R62,100R,R_0402_1005Metric,27.500000,-21.000000,0.000000,top
R63,100R,R_0402_1005Metric,27.500000,-22.500000,0.000000,top
R64,100R,R_0402_1005Metric,35.750000,-28.500000,180.000000,top
R65,100R,R_0402_1005Metric,35.750000,-27.000000,180.000000,top
R66,100R,R_0402_1005Metric,27.500000,-29.000000,0.000000,top
R67,100R,R_0402_1005Metric,27.500000,-27.500000,0.000000,top
U1,ADP7104ARDZ-3.3,ADP7104_SOIC8_EP,64.000000,-24.000000,0.000000,top
U2,ADP7104ARDZ-3.3,ADP7104_SOIC8_EP,64.000000,-32.000000,0.000000,top
U3,ADP150AUJZ-1.8,ADP150_TSOT23_5,64.000000,-40.000000,0.000000,top
U4,ADF4159,ADF4159_LFCSP24,45.500000,-30.000000,180.000000,top
U5,ADF5901,ADF5901_LFCSP32,51.000000,-23.000000,180.000000,top
U6,ADF5904,ADF5904_LFCSP32,31.500000,-25.000000,-90.000000,top
U7,SN74AVC4T245,TSSOP-16_4.4x5mm_P0.65mm,46.000000,-38.000000,90.000000,top
U8,SN74AVC2T245,Texas_RSW0010A_UQFN-10_1.4x1.8mm_P0.4mm,54.500000,-40.000000,0.000000,top
X1,TCXO_CWX113,TCXO_CWX113_SMD4,55.500000,-34.500000,0.000000,top
